,smiles,num_rings,aromatic_rings,num_esters,num_amides,molecular_weight,fsp3,carbon_fraction,longest_tail,num_branches,ionisable_nitrogens,num_nitrogens,num_carbons,num_heavy_atoms,num_sp3_carbons,num_alkenes,num_alkynes,num_unsaturations,tertiary_ionisable_nitrogens,tail_branches
0,[C-]#[N+]CC(=O)N(C)C,0.0,0.0,0.0,1.0,112.13200378417967,0.6000000238418579,0.625,6.0,2.0,0.0,2.0,5,8,3,0,0,0,0,2.0
1,[C-]#[N+]CC(=O)N1CCOCC1,1.0,0.0,0.0,1.0,154.16900634765625,0.7142857313156128,0.6363636255264282,5.0,1.0,0.0,2.0,7,11,5,0,0,0,0,1.0
2,[C-]#[N+]CC(=O)N1CCN(C)CC1,1.0,0.0,0.0,1.0,167.21200561523438,0.75,0.6666666865348816,5.0,2.0,1.0,3.0,8,12,6,0,0,0,1,1.0
3,[C-]#[N+]CC(=O)NC,0.0,0.0,0.0,1.0,98.1050033569336,0.5,0.5714285969734192,6.0,1.0,0.0,2.0,4,7,2,0,0,0,0,1.0
4,[C-]#[N+]CC,0.0,0.0,0.0,0.0,55.08000183105469,0.6666666865348816,0.75,4.0,0.0,0.0,1.0,3,4,2,0,0,0,0,0.0
5,[C-]#[N+]CCOC,0.0,0.0,0.0,0.0,85.10600280761719,0.75,0.6666666865348816,6.0,0.0,0.0,1.0,4,6,3,0,0,0,0,0.0
6,[C-]#[N+]C(C)C(=O)OCC,0.0,0.0,1.0,0.0,127.14299774169922,0.6666666865348816,0.6666666865348816,7.0,2.0,0.0,1.0,6,9,4,0,0,0,0,2.0
7,[C-]#[N+]CC(=O)OC,0.0,0.0,1.0,0.0,99.08899688720705,0.5,0.5714285969734192,6.0,1.0,0.0,1.0,4,7,2,0,0,0,0,1.0
8,[C-]#[N+]CC(=O)N1CCCC1,1.0,0.0,0.0,1.0,138.1699981689453,0.7142857313156128,0.699999988079071,5.0,1.0,0.0,2.0,7,10,5,0,0,0,0,1.0
9,[C-]#[N+]C(C)C(=O)OC,0.0,0.0,1.0,0.0,113.11599731445312,0.6000000238418579,0.625,6.0,2.0,0.0,1.0,5,8,3,0,0,0,0,2.0
10,[C-]#[N+]CCCN1CCCC1=O,1.0,0.0,0.0,1.0,152.19700622558594,0.75,0.7272727489471436,5.0,2.0,0.0,2.0,8,11,6,0,0,0,0,1.0
11,[C-]#[N+]CCCN1CCOCC1,1.0,0.0,0.0,0.0,154.21299743652344,0.875,0.7272727489471436,5.0,1.0,1.0,2.0,8,11,7,0,0,0,1,1.0
12,[C-]#[N+]CCN1CCOCC1,1.0,0.0,0.0,0.0,140.18600463867188,0.8571428656578064,0.699999988079071,4.0,1.0,1.0,2.0,7,10,6,0,0,0,1,1.0
13,[C-]#[N+]/C(=C/N(C)C)C(=O)OC,0.0,0.0,1.0,0.0,154.16900634765625,0.4285714328289032,0.6363636255264282,7.0,3.0,1.0,2.0,7,11,3,1,0,1,1,3.0
14,[C-]#[N+]CC(=O)N1CCCCC1,1.0,0.0,0.0,1.0,152.19700622558594,0.75,0.7272727489471436,5.0,1.0,0.0,2.0,8,11,6,0,0,0,0,1.0
15,[C-]#[N+]C(CCC(=O)OC)C(=O)OC,0.0,0.0,2.0,0.0,185.1790008544922,0.625,0.6153846383094788,9.0,3.0,0.0,1.0,8,13,5,0,0,0,0,3.0
16,[C-]#[N+]C(CC)C(=O)OC,0.0,0.0,1.0,0.0,127.14299774169922,0.6666666865348816,0.6666666865348816,6.0,2.0,0.0,1.0,6,9,4,0,0,0,0,2.0
17,[C-]#[N+]CCC(=O)OCC,0.0,0.0,1.0,0.0,127.14299774169922,0.6666666865348816,0.6666666865348816,8.0,1.0,0.0,1.0,6,9,4,0,0,0,0,1.0
18,[C-]#[N+]CCCOC,0.0,0.0,0.0,0.0,99.13300323486328,0.800000011920929,0.7142857313156128,7.0,0.0,0.0,1.0,5,7,4,0,0,0,0,0.0
19,[C-]#[N+]/C(=C\N(C)C)C(=O)OC,0.0,0.0,1.0,0.0,154.16900634765625,0.4285714328289032,0.6363636255264282,7.0,3.0,1.0,2.0,7,11,3,1,0,1,1,3.0
20,[C-]#[N+]CC(=O)OCC,0.0,0.0,1.0,0.0,113.11599731445312,0.6000000238418579,0.625,7.0,1.0,0.0,1.0,5,8,3,0,0,0,0,1.0
21,[C-]#[N+]CCN(C)C,0.0,0.0,0.0,0.0,98.14900207519533,0.800000011920929,0.7142857313156128,6.0,1.0,1.0,2.0,5,7,4,0,0,0,1,1.0
22,[C-]#[N+]CCN1CCN(C)CC1,1.0,0.0,0.0,0.0,153.22900390625,0.875,0.7272727489471436,4.0,2.0,2.0,3.0,8,11,7,0,0,0,2,1.0
23,[C-]#[N+]C(C)C(=O)N1CCOCC1,1.0,0.0,0.0,1.0,168.1959991455078,0.75,0.6666666865348816,5.0,2.0,0.0,2.0,8,12,6,0,0,0,0,2.0
24,[C-]#[N+]C(CC(=O)OC)C(=O)OC,0.0,0.0,2.0,0.0,171.15199279785156,0.5714285969734192,0.5833333134651184,8.0,3.0,0.0,1.0,7,12,4,0,0,0,0,3.0
25,[C-]#[N+]CC(OC)OC,0.0,0.0,0.0,0.0,115.13200378417967,0.800000011920929,0.625,6.0,1.0,0.0,1.0,5,8,4,0,0,0,0,1.0
26,[C-]#[N+]CC1CCOC1,1.0,0.0,0.0,0.0,111.1439971923828,0.8333333134651184,0.75,3.0,1.0,0.0,1.0,6,8,5,0,0,0,0,1.0
27,[C-]#[N+]C1CCOC1,1.0,0.0,0.0,0.0,97.11699676513672,0.800000011920929,0.7142857313156128,2.0,1.0,0.0,1.0,5,7,4,0,0,0,0,1.0
28,[C-]#[N+]/C(=C\N(C)C)C(=O)OCC,0.0,0.0,1.0,0.0,168.1959991455078,0.5,0.6666666865348816,8.0,3.0,1.0,2.0,8,12,4,1,0,1,1,3.0
29,[C-]#[N+]CCOCC,0.0,0.0,0.0,0.0,99.13300323486328,0.800000011920929,0.7142857313156128,7.0,0.0,0.0,1.0,5,7,4,0,0,0,0,0.0
30,[C-]#[N+]C(OC)OC,0.0,0.0,0.0,0.0,101.1050033569336,0.75,0.5714285969734192,5.0,1.0,0.0,1.0,4,7,3,0,0,0,0,1.0
31,[C-]#[N+]C1COC1,1.0,0.0,0.0,0.0,83.08999633789062,0.75,0.6666666865348816,2.0,1.0,0.0,1.0,4,6,3,0,0,0,0,1.0
32,[C-]#[N+]CC1COC1,1.0,0.0,0.0,0.0,97.11699676513672,0.800000011920929,0.7142857313156128,3.0,1.0,0.0,1.0,5,7,4,0,0,0,0,1.0
33,[C-]#[N+]Cc1cnn(C)c1,0.0,1.0,0.0,0.0,121.14299774169922,0.3333333432674408,0.6666666865348816,3.0,2.0,2.0,3.0,6,9,2,0,0,0,0,1.0
34,[C-]#[N+]CCCN(C)C,0.0,0.0,0.0,0.0,112.1760025024414,0.8333333134651184,0.75,7.0,1.0,1.0,2.0,6,8,5,0,0,0,1,1.0
35,[C-]#[N+]C1CC(C(=O)OC)C1,1.0,0.0,1.0,0.0,139.1540069580078,0.7142857313156128,0.699999988079071,4.0,2.0,0.0,1.0,7,10,5,0,0,0,0,1.0
36,[C-]#[N+]CCCC(=O)OC,0.0,0.0,1.0,0.0,127.14299774169922,0.6666666865348816,0.6666666865348816,8.0,1.0,0.0,1.0,6,9,4,0,0,0,0,1.0
37,[C-]#[N+]CC(=O)N(CC)CC,0.0,0.0,0.0,1.0,140.18600463867188,0.7142857313156128,0.699999988079071,7.0,2.0,0.0,2.0,7,10,5,0,0,0,0,2.0
38,[C-]#[N+]c1ccc(OC)nc1,0.0,1.0,0.0,0.0,134.13800048828125,0.1428571492433548,0.699999988079071,2.0,2.0,1.0,2.0,7,10,1,0,0,0,0,1.0
39,[C-]#[N+]c1ccc2c(c1)OCO2,1.0,1.0,0.0,0.0,147.13299560546875,0.125,0.7272727489471436,2.0,1.0,0.0,1.0,8,11,1,0,0,0,0,1.0
40,[C-]#[N+]c1ccc(NC=O)cc1,0.0,1.0,0.0,1.0,146.1490020751953,0.0,0.7272727489471436,3.0,2.0,0.0,2.0,8,11,0,0,0,0,0,1.0
41,[C-]#[N+]c1ccc2c(c1)C(=O)NCO2,1.0,1.0,0.0,1.0,174.15899658203125,0.1111111119389534,0.692307710647583,2.0,2.0,0.0,2.0,9,13,1,0,0,0,0,1.0
42,[C-]#[N+]c1ccccn1,0.0,1.0,0.0,0.0,104.11199951171876,0.0,0.75,2.0,1.0,1.0,2.0,6,8,0,0,0,0,0,1.0
43,[C-]#[N+]c1ncccc1C,0.0,1.0,0.0,0.0,118.13899993896484,0.1428571492433548,0.7777777910232544,2.0,2.0,1.0,2.0,7,9,1,0,0,0,0,1.0
44,[C-]#[N+]Cc1ccccn1,0.0,1.0,0.0,0.0,118.13899993896484,0.1428571492433548,0.7777777910232544,3.0,1.0,1.0,2.0,7,9,1,0,0,0,0,1.0
45,[C-]#[N+]C(C(=O)OC)C(C)C,0.0,0.0,1.0,0.0,141.1699981689453,0.7142857313156128,0.699999988079071,6.0,3.0,0.0,1.0,7,10,5,0,0,0,0,3.0
46,[C-]#[N+]CCCF,0.0,0.0,0.0,0.0,87.09700012207031,0.75,0.6666666865348816,6.0,0.0,0.0,1.0,4,6,3,0,0,0,0,0.0
47,[C-]#[N+]Cc1ccc(C(=O)OC)cc1,0.0,1.0,1.0,0.0,175.18699645996094,0.2000000029802322,0.7692307829856873,4.0,2.0,0.0,1.0,10,13,2,0,0,0,0,1.0
48,[C-]#[N+]CCN1CCCCC1,1.0,0.0,0.0,0.0,138.21400451660156,0.875,0.800000011920929,4.0,1.0,1.0,2.0,8,10,7,0,0,0,1,1.0
49,[C-]#[N+]C1CCOCC1,1.0,0.0,0.0,0.0,111.1439971923828,0.8333333134651184,0.75,2.0,1.0,0.0,1.0,6,8,5,0,0,0,0,1.0
50,[C-]#[N+]C1CCC1,1.0,0.0,0.0,0.0,81.11799621582031,0.800000011920929,0.8333333134651184,2.0,1.0,0.0,1.0,5,6,4,0,0,0,0,1.0
51,[C-]#[N+]CCCOC(C)C,0.0,0.0,0.0,0.0,127.18699645996094,0.8571428656578064,0.7777777910232544,8.0,1.0,0.0,1.0,7,9,6,0,0,0,0,1.0
52,[C-]#[N+]C(Cc1ccccc1)C(=O)OC,0.0,1.0,1.0,0.0,189.21400451660156,0.2727272808551788,0.7857142686843872,6.0,3.0,0.0,1.0,11,14,3,0,0,0,0,3.0
53,[C-]#[N+]C(C)CC,0.0,0.0,0.0,0.0,83.13400268554688,0.800000011920929,0.8333333134651184,5.0,1.0,0.0,1.0,5,6,4,0,0,0,0,1.0
54,[C-]#[N+]CS(=O)(=O)c1ccc(C)cc1,0.0,1.0,0.0,0.0,195.2429962158203,0.2222222238779068,0.692307710647583,5.0,3.0,0.0,1.0,9,13,2,0,0,0,0,2.0
55,[C-]#[N+]CCc1ccccn1,0.0,1.0,0.0,0.0,132.16600036621094,0.25,0.800000011920929,4.0,1.0,1.0,2.0,8,10,2,0,0,0,0,1.0
56,[C-]#[N+]C[Si](C)(C)C,0.0,0.0,0.0,0.0,113.23600006103516,0.800000011920929,0.7142857313156128,5.0,2.0,0.0,1.0,5,7,4,0,0,0,0,2.0
57,[C-]#[N+]Cc1ccncc1,0.0,1.0,0.0,0.0,118.13899993896484,0.1428571492433548,0.7777777910232544,3.0,1.0,1.0,2.0,7,9,1,0,0,0,0,1.0
58,[C-]#[N+]CCN1CCCC1,1.0,0.0,0.0,0.0,124.18699645996094,0.8571428656578064,0.7777777910232544,4.0,1.0,1.0,2.0,7,9,6,0,0,0,1,1.0
59,[C-]#[N+]C1CCCC1,1.0,0.0,0.0,0.0,95.1449966430664,0.8333333134651184,0.8571428656578064,2.0,1.0,0.0,1.0,6,7,5,0,0,0,0,1.0
60,[C-]#[N+]C1CC1,1.0,0.0,0.0,0.0,67.09100341796875,0.75,0.800000011920929,2.0,1.0,0.0,1.0,4,5,3,0,0,0,0,1.0
61,[C-]#[N+]/C(=C\N(C)C)c1ccncc1,0.0,1.0,0.0,0.0,173.218994140625,0.2000000029802322,0.7692307829856873,6.0,2.0,2.0,3.0,10,13,2,1,0,1,1,2.0
62,[C-]#[N+]C(C)C1CC1,1.0,0.0,0.0,0.0,95.1449966430664,0.8333333134651184,0.8571428656578064,4.0,1.0,0.0,1.0,6,7,5,0,0,0,0,1.0
63,[C-]#[N+]CC1CCCO1,1.0,0.0,0.0,0.0,111.1439971923828,0.8333333134651184,0.75,3.0,1.0,0.0,1.0,6,8,5,0,0,0,0,1.0
64,[C-]#[N+]C(C(=O)OCC)C(C)C,0.0,0.0,1.0,0.0,155.19700622558594,0.75,0.7272727489471436,7.0,3.0,0.0,1.0,8,11,6,0,0,0,0,3.0
65,[C-]#[N+]C(C)C,0.0,0.0,0.0,0.0,69.10700225830078,0.75,0.800000011920929,4.0,1.0,0.0,1.0,4,5,3,0,0,0,0,1.0
66,[C-]#[N+]C(C)(C)C,0.0,0.0,0.0,0.0,83.13400268554688,0.800000011920929,0.8333333134651184,4.0,2.0,0.0,1.0,5,6,4,0,0,0,0,2.0
67,[C-]#[N+]CC(C)(C)OC,0.0,0.0,0.0,0.0,113.16000366210938,0.8333333134651184,0.75,6.0,2.0,0.0,1.0,6,8,5,0,0,0,0,2.0
68,[C-]#[N+]Cc1ocnc1C(=O)OCC,0.0,1.0,1.0,0.0,180.1629943847656,0.375,0.6153846383094788,5.0,2.0,1.0,2.0,8,13,3,0,0,0,0,1.0
69,[C-]#[N+]CCCC,0.0,0.0,0.0,0.0,83.13400268554688,0.800000011920929,0.8333333134651184,6.0,0.0,0.0,1.0,5,6,4,0,0,0,0,0.0
70,[C-]#[N+]CCCC(=O)OCC,0.0,0.0,1.0,0.0,141.1699981689453,0.7142857313156128,0.699999988079071,9.0,1.0,0.0,1.0,7,10,5,0,0,0,0,1.0
71,[C-]#[N+]CCC(C)C,0.0,0.0,0.0,0.0,97.16100311279295,0.8333333134651184,0.8571428656578064,6.0,1.0,0.0,1.0,6,7,5,0,0,0,0,1.0
72,[C-]#[N+]CC(=O)OC(C)(C)C,0.0,0.0,1.0,0.0,141.1699981689453,0.7142857313156128,0.699999988079071,7.0,3.0,0.0,1.0,7,10,5,0,0,0,0,3.0
73,[C-]#[N+]Cc1cccnc1,0.0,1.0,0.0,0.0,118.13899993896484,0.1428571492433548,0.7777777910232544,3.0,1.0,1.0,2.0,7,9,1,0,0,0,0,1.0
74,[C-]#[N+]C(CCC)C(=O)OC,0.0,0.0,1.0,0.0,141.1699981689453,0.7142857313156128,0.699999988079071,7.0,2.0,0.0,1.0,7,10,5,0,0,0,0,2.0
75,[C-]#[N+]C(C(=O)OC)C(C)CC,0.0,0.0,1.0,0.0,155.19700622558594,0.75,0.7272727489471436,7.0,3.0,0.0,1.0,8,11,6,0,0,0,0,3.0
76,[C-]#[N+]C1(C)CC1,1.0,0.0,0.0,0.0,81.11799621582031,0.800000011920929,0.8333333134651184,2.0,2.0,0.0,1.0,5,6,4,0,0,0,0,1.0
77,[C-]#[N+]C(CC(C)C)C(=O)OC,0.0,0.0,1.0,0.0,155.19700622558594,0.75,0.7272727489471436,7.0,3.0,0.0,1.0,8,11,6,0,0,0,0,3.0
78,[C-]#[N+]CCC,0.0,0.0,0.0,0.0,69.10700225830078,0.75,0.800000011920929,5.0,0.0,0.0,1.0,4,5,3,0,0,0,0,0.0
79,[C-]#[N+]C1CCN(C(=O)OC(C)(C)C)C1,1.0,0.0,1.0,1.0,196.25,0.800000011920929,0.7142857313156128,5.0,4.0,0.0,2.0,10,14,8,0,0,0,0,1.0
80,[C-]#[N+]C1CC(F)(F)C1,1.0,0.0,0.0,0.0,117.0979995727539,0.800000011920929,0.625,2.0,3.0,0.0,1.0,5,8,4,0,0,0,0,1.0
81,[C-]#[N+]C(C(=O)OC)c1ccccc1,0.0,1.0,1.0,0.0,175.18699645996094,0.2000000029802322,0.7692307829856873,6.0,2.0,0.0,1.0,10,13,2,0,0,0,0,2.0
82,[C-]#[N+]Cc1cncc(C)c1,0.0,1.0,0.0,0.0,132.16600036621094,0.25,0.800000011920929,3.0,2.0,1.0,2.0,8,10,2,0,0,0,0,1.0
83,[C-]#[N+]C(CCCC)C(=O)OC,0.0,0.0,1.0,0.0,155.19700622558594,0.75,0.7272727489471436,8.0,2.0,0.0,1.0,8,11,6,0,0,0,0,2.0
84,[C-]#[N+]Cc1ccc(C)cn1,0.0,1.0,0.0,0.0,132.16600036621094,0.25,0.800000011920929,3.0,2.0,1.0,2.0,8,10,2,0,0,0,0,1.0
85,[C-]#[N+]Cc1ccco1,0.0,1.0,0.0,0.0,107.11199951171876,0.1666666716337204,0.75,3.0,1.0,0.0,1.0,6,8,1,0,0,0,0,1.0
86,[C-]#[N+]CCc1ccncc1,0.0,1.0,0.0,0.0,132.16600036621094,0.25,0.800000011920929,4.0,1.0,1.0,2.0,8,10,2,0,0,0,0,1.0
87,[C-]#[N+]C(C)(C)C(=O)OCC,0.0,0.0,1.0,0.0,141.1699981689453,0.7142857313156128,0.699999988079071,7.0,3.0,0.0,1.0,7,10,5,0,0,0,0,3.0
88,[C-]#[N+]CCN1CCN(CCCC)CC1,1.0,0.0,0.0,0.0,195.30999755859375,0.9090909361839294,0.7857142686843872,4.0,2.0,2.0,3.0,11,14,10,0,0,0,2,1.0
89,[C-]#[N+]C(C(=O)OC)c1ccc(F)cc1,0.0,1.0,1.0,0.0,193.177001953125,0.2000000029802322,0.7142857313156128,6.0,3.0,0.0,1.0,10,14,2,0,0,0,0,2.0
90,[C-]#[N+]CC(C)(C)C,0.0,0.0,0.0,0.0,97.16100311279295,0.8333333134651184,0.8571428656578064,5.0,2.0,0.0,1.0,6,7,5,0,0,0,0,2.0
91,[C-]#[N+]CC(C)C,0.0,0.0,0.0,0.0,83.13400268554688,0.800000011920929,0.8333333134651184,5.0,1.0,0.0,1.0,5,6,4,0,0,0,0,1.0
92,[C-]#[N+]CCC[Si](OC)(OC)OC,0.0,0.0,0.0,0.0,189.28700256347656,0.8571428656578064,0.5833333134651184,8.0,2.0,0.0,1.0,7,12,6,0,0,0,0,2.0
93,[C-]#[N+]CCN1CCCC1(C)C,1.0,0.0,0.0,0.0,152.24099731445312,0.8888888955116272,0.8181818127632141,4.0,3.0,1.0,2.0,9,11,8,0,0,0,1,1.0
94,[C-]#[N+]Cc1ccnc(C)c1,0.0,1.0,0.0,0.0,132.16600036621094,0.25,0.800000011920929,3.0,2.0,1.0,2.0,8,10,2,0,0,0,0,1.0
95,[C-]#[N+]C1CCN(C(=O)OCC)CC1,1.0,0.0,1.0,1.0,182.22300720214844,0.7777777910232544,0.692307710647583,5.0,2.0,0.0,2.0,9,13,7,0,0,0,0,1.0
96,[C-]#[N+]Cc1ncccc1C,0.0,1.0,0.0,0.0,132.16600036621094,0.25,0.800000011920929,3.0,2.0,1.0,2.0,8,10,2,0,0,0,0,1.0
97,[C-]#[N+]C1CN(C(=O)OC(C)(C)C)C1,1.0,0.0,1.0,1.0,182.22300720214844,0.7777777910232544,0.692307710647583,5.0,4.0,0.0,2.0,9,13,7,0,0,0,0,1.0
98,[C-]#[N+]C1(C(=O)OC)CCCC1,1.0,0.0,1.0,0.0,153.18099975585938,0.75,0.7272727489471436,4.0,2.0,0.0,1.0,8,11,6,0,0,0,0,1.0
99,[C-]#[N+]CCSC,0.0,0.0,0.0,0.0,101.17400360107422,0.75,0.6666666865348816,6.0,0.0,0.0,1.0,4,6,3,0,0,0,0,0.0
100,[C-]#[N+]CS(=O)(=O)c1ccccc1,0.0,1.0,0.0,0.0,181.21600341796875,0.125,0.6666666865348816,5.0,2.0,0.0,1.0,8,12,1,0,0,0,0,2.0
101,[C-]#[N+]CC1(C(C)(C)C)OCCO1,1.0,0.0,0.0,0.0,169.2239990234375,0.8888888955116272,0.75,3.0,3.0,0.0,1.0,9,12,8,0,0,0,0,1.0
102,[C-]#[N+]CCN1CCc2ccccc21,1.0,1.0,0.0,0.0,172.2310028076172,0.3636363744735718,0.8461538553237915,4.0,1.0,1.0,2.0,11,13,4,0,0,0,1,1.0
103,[C-]#[N+]CC(F)F,0.0,0.0,0.0,0.0,91.05999755859376,0.6666666865348816,0.5,5.0,1.0,0.0,1.0,3,6,2,0,0,0,0,1.0
104,[C-]#[N+]CCCSC,0.0,0.0,0.0,0.0,115.20099639892578,0.800000011920929,0.7142857313156128,7.0,0.0,0.0,1.0,5,7,4,0,0,0,0,0.0
105,[C-]#[N+]C(C(=O)OC)C(C)(C)C,0.0,0.0,1.0,0.0,155.19700622558594,0.75,0.7272727489471436,6.0,4.0,0.0,1.0,8,11,6,0,0,0,0,4.0
106,[C-]#[N+]CCCCCC(=O)OC,0.0,0.0,1.0,0.0,155.19700622558594,0.75,0.7272727489471436,10.0,1.0,0.0,1.0,8,11,6,0,0,0,0,1.0
107,[C-]#[N+]Cc1cc(C)ccn1,0.0,1.0,0.0,0.0,132.16600036621094,0.25,0.800000011920929,3.0,2.0,1.0,2.0,8,10,2,0,0,0,0,1.0
108,[C-]#[N+]C(CCSC)C(=O)OC,0.0,0.0,1.0,0.0,173.23699951171875,0.7142857313156128,0.6363636255264282,8.0,2.0,0.0,1.0,7,11,5,0,0,0,0,2.0
109,[C-]#[N+]CC(=O)OCc1ccccc1,0.0,1.0,1.0,0.0,175.18699645996094,0.2000000029802322,0.7692307829856873,6.0,2.0,0.0,1.0,10,13,2,0,0,0,0,2.0
110,[C-]#[N+]CC1CCC(C(=O)OC)CC1,1.0,0.0,1.0,0.0,181.23500061035156,0.800000011920929,0.7692307829856873,4.0,2.0,0.0,1.0,10,13,8,0,0,0,0,1.0
111,[C-]#[N+]CCC(OCC)OCC,0.0,0.0,0.0,0.0,157.21299743652344,0.875,0.7272727489471436,8.0,1.0,0.0,1.0,8,11,7,0,0,0,0,1.0
112,[C-]#[N+]CCCn1ccnc1,0.0,1.0,0.0,0.0,135.1699981689453,0.4285714328289032,0.699999988079071,5.0,1.0,2.0,3.0,7,10,3,0,0,0,0,1.0
113,[C-]#[N+]CC(OCC)OCC,0.0,0.0,0.0,0.0,143.18600463867188,0.8571428656578064,0.699999988079071,7.0,1.0,0.0,1.0,7,10,6,0,0,0,0,1.0
114,[C-]#[N+]C(CC(C)C)C(=O)OCC,0.0,0.0,1.0,0.0,169.2239990234375,0.7777777910232544,0.75,8.0,3.0,0.0,1.0,9,12,7,0,0,0,0,3.0
115,[C-]#[N+]Cc1cccc(C)n1,0.0,1.0,0.0,0.0,132.16600036621094,0.25,0.800000011920929,3.0,2.0,1.0,2.0,8,10,2,0,0,0,0,1.0
116,[C-]#[N+]CC1CCOCC1,1.0,0.0,0.0,0.0,125.1709976196289,0.8571428656578064,0.7777777910232544,3.0,1.0,0.0,1.0,7,9,6,0,0,0,0,1.0
117,[C-]#[N+]Cc1cnccc1C,0.0,1.0,0.0,0.0,132.16600036621094,0.25,0.800000011920929,3.0,2.0,1.0,2.0,8,10,2,0,0,0,0,1.0
118,[C-]#[N+]Cc1ccncc1C,0.0,1.0,0.0,0.0,132.16600036621094,0.25,0.800000011920929,3.0,2.0,1.0,2.0,8,10,2,0,0,0,0,1.0
119,[C-]#[N+]CCNC(=O)OC(C)(C)C,0.0,0.0,1.0,1.0,170.21200561523438,0.75,0.6666666865348816,9.0,3.0,0.0,2.0,8,12,6,0,0,0,0,3.0
120,[C-]#[N+]CCCNC(=O)OC(C)(C)C,0.0,0.0,1.0,1.0,184.2389984130859,0.7777777910232544,0.692307710647583,10.0,3.0,0.0,2.0,9,13,7,0,0,0,0,3.0
121,[C-]#[N+]C1CCC(C(=O)OC)C1,1.0,0.0,1.0,0.0,153.18099975585938,0.75,0.7272727489471436,4.0,2.0,0.0,1.0,8,11,6,0,0,0,0,1.0
122,[C-]#[N+]Cc1ccc(C)nc1,0.0,1.0,0.0,0.0,132.16600036621094,0.25,0.800000011920929,3.0,2.0,1.0,2.0,8,10,2,0,0,0,0,1.0
123,[C-]#[N+]CC1CC1,1.0,0.0,0.0,0.0,81.11799621582031,0.800000011920929,0.8333333134651184,3.0,1.0,0.0,1.0,5,6,4,0,0,0,0,1.0
124,[C-]#[N+]CCC1CC1,1.0,0.0,0.0,0.0,95.1449966430664,0.8333333134651184,0.8571428656578064,4.0,1.0,0.0,1.0,6,7,5,0,0,0,0,1.0
125,[C-]#[N+]Cc1cccnc1C,0.0,1.0,0.0,0.0,132.16600036621094,0.25,0.800000011920929,3.0,2.0,1.0,2.0,8,10,2,0,0,0,0,1.0
126,[C-]#[N+]CCN(C)C(=O)OC(C)(C)C,0.0,0.0,1.0,1.0,184.2389984130859,0.7777777910232544,0.692307710647583,9.0,4.0,0.0,2.0,9,13,7,0,0,0,0,4.0
127,[C-]#[N+]CCCCC(=O)OC,0.0,0.0,1.0,0.0,141.1699981689453,0.7142857313156128,0.699999988079071,9.0,1.0,0.0,1.0,7,10,5,0,0,0,0,1.0
128,[C-]#[N+]CCN(CC)CCC,0.0,0.0,0.0,0.0,140.22999572753906,0.875,0.800000011920929,8.0,1.0,1.0,2.0,8,10,7,0,0,0,1,1.0
129,[C-]#[N+]Cc1ccc2c(c1)OCO2,1.0,1.0,0.0,0.0,161.16000366210938,0.2222222238779068,0.75,3.0,1.0,0.0,1.0,9,12,2,0,0,0,0,1.0
130,[C-]#[N+]c1ccc(C)c(C(=O)OC)c1,0.0,1.0,1.0,0.0,175.18699645996094,0.2000000029802322,0.7692307829856873,4.0,3.0,0.0,1.0,10,13,2,0,0,0,0,1.0
131,[C-]#[N+]c1ccccc1C(=O)OC,0.0,1.0,1.0,0.0,161.16000366210938,0.1111111119389534,0.75,4.0,2.0,0.0,1.0,9,12,1,0,0,0,0,1.0
132,[C-]#[N+]c1ccccc1CC(OC)OC,0.0,1.0,0.0,0.0,191.22999572753903,0.3636363744735718,0.7857142686843872,5.0,3.0,0.0,1.0,11,14,4,0,0,0,0,1.0
133,[C-]#[N+]c1ccc(OC)cc1OC,0.0,1.0,0.0,0.0,163.17599487304688,0.2222222238779068,0.75,2.0,3.0,0.0,1.0,9,12,2,0,0,0,0,1.0
134,[C-]#[N+]c1ccccc1,0.0,1.0,0.0,0.0,103.1240005493164,0.0,0.875,2.0,1.0,0.0,1.0,7,8,0,0,0,0,0,1.0
135,[C-]#[N+]c1ccc(OC)cc1,0.0,1.0,0.0,0.0,133.14999389648438,0.125,0.800000011920929,2.0,2.0,0.0,1.0,8,10,1,0,0,0,0,1.0
136,[C-]#[N+]c1ccc2c(c1)OCCO2,1.0,1.0,0.0,0.0,161.16000366210938,0.2222222238779068,0.75,2.0,1.0,0.0,1.0,9,12,2,0,0,0,0,1.0
137,[C-]#[N+]c1cccc(C(=O)OC)c1,0.0,1.0,1.0,0.0,161.16000366210938,0.1111111119389534,0.75,4.0,2.0,0.0,1.0,9,12,1,0,0,0,0,1.0
138,[C-]#[N+]c1ccccc1OC,0.0,1.0,0.0,0.0,133.14999389648438,0.125,0.800000011920929,2.0,2.0,0.0,1.0,8,10,1,0,0,0,0,1.0
139,[C-]#[N+]c1ccc(N2CCOCC2)cc1,1.0,1.0,0.0,0.0,188.22999572753903,0.3636363744735718,0.7857142686843872,2.0,1.0,1.0,2.0,11,14,4,0,0,0,1,1.0
140,[C-]#[N+]c1ccc(F)cc1,0.0,1.0,0.0,0.0,121.11399841308594,0.0,0.7777777910232544,2.0,2.0,0.0,1.0,7,9,0,0,0,0,0,1.0
141,[C-]#[N+]c1ccc(C(=O)OCC)cc1,0.0,1.0,1.0,0.0,175.18699645996094,0.2000000029802322,0.7692307829856873,5.0,2.0,0.0,1.0,10,13,2,0,0,0,0,1.0
142,[C-]#[N+]c1ccc(C(=O)OC)cc1,0.0,1.0,1.0,0.0,161.16000366210938,0.1111111119389534,0.75,4.0,2.0,0.0,1.0,9,12,1,0,0,0,0,1.0
143,[C-]#[N+]c1ccccc1F,0.0,1.0,0.0,0.0,121.11399841308594,0.0,0.7777777910232544,2.0,2.0,0.0,1.0,7,9,0,0,0,0,0,1.0
144,[C-]#[N+]c1ccc(C(C)O)cc1,0.0,1.0,0.0,0.0,147.177001953125,0.2222222238779068,0.8181818127632141,3.0,2.0,0.0,1.0,9,11,2,0,0,0,0,1.0
145,[C-]#[N+]c1cccc(OC)c1,0.0,1.0,0.0,0.0,133.14999389648438,0.125,0.800000011920929,2.0,2.0,0.0,1.0,8,10,1,0,0,0,0,1.0
146,[C-]#[N+]c1c(OC)cccc1OC,0.0,1.0,0.0,0.0,163.17599487304688,0.2222222238779068,0.75,2.0,3.0,0.0,1.0,9,12,2,0,0,0,0,1.0
147,[C-]#[N+]c1cccc(C(=O)OCC)c1,0.0,1.0,1.0,0.0,175.18699645996094,0.2000000029802322,0.7692307829856873,5.0,2.0,0.0,1.0,10,13,2,0,0,0,0,1.0
148,[C-]#[N+]c1cc(OC)ccc1OC,0.0,1.0,0.0,0.0,163.17599487304688,0.2222222238779068,0.75,2.0,3.0,0.0,1.0,9,12,2,0,0,0,0,1.0
149,[C-]#[N+]c1cc(OC)c(OC)c(OC)c1,0.0,1.0,0.0,0.0,193.20199584960935,0.3000000119209289,0.7142857313156128,2.0,4.0,0.0,1.0,10,14,3,0,0,0,0,1.0
150,[C-]#[N+]c1c(OC)cc(OC)cc1OC,0.0,1.0,0.0,0.0,193.20199584960935,0.3000000119209289,0.7142857313156128,2.0,4.0,0.0,1.0,10,14,3,0,0,0,0,1.0
151,[C-]#[N+]c1cccc(C(=O)OC)c1C,0.0,1.0,1.0,0.0,175.18699645996094,0.2000000029802322,0.7692307829856873,4.0,3.0,0.0,1.0,10,13,2,0,0,0,0,1.0
152,[C-]#[N+]c1ccccc1C(=O)OCC,0.0,1.0,1.0,0.0,175.18699645996094,0.2000000029802322,0.7692307829856873,5.0,2.0,0.0,1.0,10,13,2,0,0,0,0,1.0
153,[C-]#[N+]c1ccc(NC(C)=O)cc1,0.0,1.0,0.0,1.0,160.17599487304688,0.1111111119389534,0.75,3.0,3.0,0.0,2.0,9,12,1,0,0,0,0,1.0
154,[C-]#[N+]c1cc(OC)cc(OC)c1,0.0,1.0,0.0,0.0,163.17599487304688,0.2222222238779068,0.75,2.0,3.0,0.0,1.0,9,12,2,0,0,0,0,1.0
155,[C-]#[N+]c1cc(C(=O)OC)ccc1C,0.0,1.0,1.0,0.0,175.18699645996094,0.2000000029802322,0.7692307829856873,4.0,3.0,0.0,1.0,10,13,2,0,0,0,0,1.0
156,[C-]#[N+]c1cccc(F)c1,0.0,1.0,0.0,0.0,121.11399841308594,0.0,0.7777777910232544,2.0,2.0,0.0,1.0,7,9,0,0,0,0,0,1.0
157,[C-]#[N+]c1ccc(OC)c(OC)c1,0.0,1.0,0.0,0.0,163.17599487304688,0.2222222238779068,0.75,2.0,3.0,0.0,1.0,9,12,2,0,0,0,0,1.0
158,[C-]#[N+]CP(=O)(OCC)OCC,0.0,0.0,0.0,0.0,177.13999938964844,0.8333333134651184,0.5454545617103577,7.0,2.0,0.0,1.0,6,11,5,0,0,0,0,2.0
159,[C-]#[N+]CCc1ccccc1,0.0,1.0,0.0,0.0,131.17799377441406,0.2222222238779068,0.8999999761581421,4.0,1.0,0.0,1.0,9,10,2,0,0,0,0,1.0
160,[C-]#[N+]C1CCCCC1C,1.0,0.0,0.0,0.0,123.1989974975586,0.875,0.8888888955116272,2.0,2.0,0.0,1.0,8,9,7,0,0,0,0,1.0
161,[C-]#[N+]C1(C(=O)OCC)CCCCC1,1.0,0.0,1.0,0.0,181.23500061035156,0.800000011920929,0.7692307829856873,5.0,2.0,0.0,1.0,10,13,8,0,0,0,0,1.0
162,[C-]#[N+]Cc1ccc(C)o1,0.0,1.0,0.0,0.0,121.13899993896484,0.2857142984867096,0.7777777910232544,3.0,2.0,0.0,1.0,7,9,2,0,0,0,0,1.0
163,[C-]#[N+]Cc1ccc(C)cc1,0.0,1.0,0.0,0.0,131.17799377441406,0.2222222238779068,0.8999999761581421,3.0,2.0,0.0,1.0,9,10,2,0,0,0,0,1.0
164,[C-]#[N+]C1CCCCC1,1.0,0.0,0.0,0.0,109.1719970703125,0.8571428656578064,0.875,2.0,1.0,0.0,1.0,7,8,6,0,0,0,0,1.0
165,[C-]#[N+]C(C)CCC,0.0,0.0,0.0,0.0,97.16100311279295,0.8333333134651184,0.8571428656578064,6.0,1.0,0.0,1.0,6,7,5,0,0,0,0,1.0
166,[C-]#[N+]CCCCC,0.0,0.0,0.0,0.0,97.16100311279295,0.8333333134651184,0.8571428656578064,7.0,0.0,0.0,1.0,6,7,5,0,0,0,0,0.0
167,[C-]#[N+]C1CCC(F)(F)CC1,1.0,0.0,0.0,0.0,145.15199279785156,0.8571428656578064,0.699999988079071,2.0,3.0,0.0,1.0,7,10,6,0,0,0,0,1.0
168,[C-]#[N+]Cc1ccc(OC)cc1OC,0.0,1.0,0.0,0.0,177.2030029296875,0.3000000119209289,0.7692307829856873,3.0,3.0,0.0,1.0,10,13,3,0,0,0,0,1.0
169,[C-]#[N+]Cc1ccccc1,0.0,1.0,0.0,0.0,117.1510009765625,0.125,0.8888888955116272,3.0,1.0,0.0,1.0,8,9,1,0,0,0,0,1.0
170,[C-]#[N+]Cc1ccc(OC)cc1,0.0,1.0,0.0,0.0,147.177001953125,0.2222222238779068,0.8181818127632141,3.0,2.0,0.0,1.0,9,11,2,0,0,0,0,1.0
171,[C-]#[N+]CCc1ccc(F)cc1,0.0,1.0,0.0,0.0,149.16799926757812,0.2222222238779068,0.8181818127632141,4.0,2.0,0.0,1.0,9,11,2,0,0,0,0,1.0
172,[C-]#[N+]Cc1ccc(OC)c(OC)c1,0.0,1.0,0.0,0.0,177.2030029296875,0.3000000119209289,0.7692307829856873,3.0,3.0,0.0,1.0,10,13,3,0,0,0,0,1.0
173,[C-]#[N+]Cc1ccc(F)cc1,0.0,1.0,0.0,0.0,135.14100646972656,0.125,0.800000011920929,3.0,2.0,0.0,1.0,8,10,1,0,0,0,0,1.0
174,[C-]#[N+]CCc1cccc(F)c1,0.0,1.0,0.0,0.0,149.16799926757812,0.2222222238779068,0.8181818127632141,4.0,2.0,0.0,1.0,9,11,2,0,0,0,0,1.0
175,[C-]#[N+]C(C)(C)CC,0.0,0.0,0.0,0.0,97.16100311279295,0.8333333134651184,0.8571428656578064,5.0,2.0,0.0,1.0,6,7,5,0,0,0,0,2.0
176,[C-]#[N+]CCc1ccc(OC)c(OC)c1,0.0,1.0,0.0,0.0,191.22999572753903,0.3636363744735718,0.7857142686843872,4.0,3.0,0.0,1.0,11,14,4,0,0,0,0,1.0
177,[C-]#[N+]C(C)C(C)(C)C,0.0,0.0,0.0,0.0,111.18800354003906,0.8571428656578064,0.875,5.0,3.0,0.0,1.0,7,8,6,0,0,0,0,3.0
178,[C-]#[N+]C1=CCCCC1,1.0,0.0,0.0,0.0,107.15599822998048,0.5714285969734192,0.875,2.0,1.0,0.0,1.0,7,8,4,1,0,1,0,1.0
179,[C-]#[N+]CCc1ccc(OC)cc1,0.0,1.0,0.0,0.0,161.20399475097656,0.3000000119209289,0.8333333134651184,4.0,2.0,0.0,1.0,10,12,3,0,0,0,0,1.0
180,[C-]#[N+]CCCCCC,0.0,0.0,0.0,0.0,111.18800354003906,0.8571428656578064,0.875,8.0,0.0,0.0,1.0,7,8,6,0,0,0,0,0.0
181,[C-]#[N+]C(C)CCCN(CC)CC,0.0,0.0,0.0,0.0,168.28399658203125,0.8999999761581421,0.8333333134651184,9.0,2.0,1.0,2.0,10,12,9,0,0,0,1,2.0
182,[C-]#[N+]CCCCNC(=O)OC(C)(C)C,0.0,0.0,1.0,1.0,198.26600646972656,0.800000011920929,0.7142857313156128,11.0,3.0,0.0,2.0,10,14,8,0,0,0,0,3.0
183,[C-]#[N+]C(C)CC(C)C,0.0,0.0,0.0,0.0,111.18800354003906,0.8571428656578064,0.875,6.0,2.0,0.0,1.0,7,8,6,0,0,0,0,2.0
184,[C-]#[N+]Cc1cc(F)ccc1F,0.0,1.0,0.0,0.0,153.13099670410156,0.125,0.7272727489471436,3.0,3.0,0.0,1.0,8,11,1,0,0,0,0,1.0
185,[C-]#[N+]CCOCc1ccccc1,0.0,1.0,0.0,0.0,161.20399475097656,0.3000000119209289,0.8333333134651184,6.0,1.0,0.0,1.0,10,12,3,0,0,0,0,1.0
186,[C-]#[N+]CCC(C)(C)C,0.0,0.0,0.0,0.0,111.18800354003906,0.8571428656578064,0.875,6.0,2.0,0.0,1.0,7,8,6,0,0,0,0,2.0
187,[C-]#[N+]CCc1cccc(OC)c1,0.0,1.0,0.0,0.0,161.20399475097656,0.3000000119209289,0.8333333134651184,4.0,2.0,0.0,1.0,10,12,3,0,0,0,0,1.0
188,[C-]#[N+]C(C)c1ccncc1,0.0,1.0,0.0,0.0,132.16600036621094,0.25,0.800000011920929,4.0,1.0,1.0,2.0,8,10,2,0,0,0,0,1.0
189,[C-]#[N+]CCc1ccccc1F,0.0,1.0,0.0,0.0,149.16799926757812,0.2222222238779068,0.8181818127632141,4.0,2.0,0.0,1.0,9,11,2,0,0,0,0,1.0
190,[C-]#[N+]Cc1cc(F)cc(F)c1,0.0,1.0,0.0,0.0,153.13099670410156,0.125,0.7272727489471436,3.0,3.0,0.0,1.0,8,11,1,0,0,0,0,1.0
191,[C-]#[N+]CCC1(C)CC1,1.0,0.0,0.0,0.0,109.1719970703125,0.8571428656578064,0.875,4.0,2.0,0.0,1.0,7,8,6,0,0,0,0,1.0
192,[C-]#[N+]Cc1c(F)cccc1F,0.0,1.0,0.0,0.0,153.13099670410156,0.125,0.7272727489471436,3.0,3.0,0.0,1.0,8,11,1,0,0,0,0,1.0
193,[C-]#[N+]Cc1cccs1,0.0,1.0,0.0,0.0,123.18000030517578,0.1666666716337204,0.75,3.0,1.0,0.0,1.0,6,8,1,0,0,0,0,1.0
194,[C-]#[N+]C(CCCCCC)C(=O)OC,0.0,0.0,1.0,0.0,183.25100708007812,0.800000011920929,0.7692307829856873,10.0,2.0,0.0,1.0,10,13,8,0,0,0,0,2.0
195,[C-]#[N+]Cc1ccc(F)cc1F,0.0,1.0,0.0,0.0,153.13099670410156,0.125,0.7272727489471436,3.0,3.0,0.0,1.0,8,11,1,0,0,0,0,1.0
196,[C-]#[N+]Cc1cccc(F)c1,0.0,1.0,0.0,0.0,135.14100646972656,0.125,0.800000011920929,3.0,2.0,0.0,1.0,8,10,1,0,0,0,0,1.0
197,[C-]#[N+]Cc1ccccc1C,0.0,1.0,0.0,0.0,131.17799377441406,0.2222222238779068,0.8999999761581421,3.0,2.0,0.0,1.0,9,10,2,0,0,0,0,1.0
198,[C-]#[N+]C(C(=O)OC(C)(C)C)C(C)C,0.0,0.0,1.0,0.0,183.25100708007812,0.800000011920929,0.7692307829856873,7.0,5.0,0.0,1.0,10,13,8,0,0,0,0,5.0
199,[C-]#[N+]CCCOCCCC,0.0,0.0,0.0,0.0,141.21400451660156,0.875,0.800000011920929,10.0,0.0,0.0,1.0,8,10,7,0,0,0,0,0.0
200,[C-]#[N+]CCCSCC,0.0,0.0,0.0,0.0,129.22799682617188,0.8333333134651184,0.75,8.0,0.0,0.0,1.0,6,8,5,0,0,0,0,0.0
201,[C-]#[N+]Cc1ccccc1OC,0.0,1.0,0.0,0.0,147.177001953125,0.2222222238779068,0.8181818127632141,3.0,2.0,0.0,1.0,9,11,2,0,0,0,0,1.0
202,[C-]#[N+]Cc1ccccc1F,0.0,1.0,0.0,0.0,135.14100646972656,0.125,0.800000011920929,3.0,2.0,0.0,1.0,8,10,1,0,0,0,0,1.0
203,[C-]#[N+]Cc1cccc(C)c1,0.0,1.0,0.0,0.0,131.17799377441406,0.2222222238779068,0.8999999761581421,3.0,2.0,0.0,1.0,9,10,2,0,0,0,0,1.0
204,[C-]#[N+]Cc1cccc(OC)c1,0.0,1.0,0.0,0.0,147.177001953125,0.2222222238779068,0.8181818127632141,3.0,2.0,0.0,1.0,9,11,2,0,0,0,0,1.0
205,[C-]#[N+]CCc1cccs1,0.0,1.0,0.0,0.0,137.20700073242188,0.2857142984867096,0.7777777910232544,4.0,1.0,0.0,1.0,7,9,2,0,0,0,0,1.0
206,[C-]#[N+]c1ccc2c(c1)CCC2,1.0,1.0,0.0,0.0,143.18899536132812,0.3000000119209289,0.9090909361839294,2.0,1.0,0.0,1.0,10,11,3,0,0,0,0,1.0
207,[C-]#[N+]c1ccc(OCC)cc1,0.0,1.0,0.0,0.0,147.177001953125,0.2222222238779068,0.8181818127632141,3.0,2.0,0.0,1.0,9,11,2,0,0,0,0,1.0
208,[C-]#[N+]c1ccc(F)cc1F,0.0,1.0,0.0,0.0,139.10400390625,0.0,0.699999988079071,2.0,3.0,0.0,1.0,7,10,0,0,0,0,0,1.0
209,[C-]#[N+]c1ccccc1CC,0.0,1.0,0.0,0.0,131.17799377441406,0.2222222238779068,0.8999999761581421,2.0,2.0,0.0,1.0,9,10,2,0,0,0,0,1.0
210,[C-]#[N+]c1c(C)cccc1C,0.0,1.0,0.0,0.0,131.17799377441406,0.2222222238779068,0.8999999761581421,2.0,3.0,0.0,1.0,9,10,2,0,0,0,0,1.0
211,[C-]#[N+]c1cc(C)cc(C)c1,0.0,1.0,0.0,0.0,131.17799377441406,0.2222222238779068,0.8999999761581421,2.0,3.0,0.0,1.0,9,10,2,0,0,0,0,1.0
212,[C-]#[N+]c1ccc(CC)cc1,0.0,1.0,0.0,0.0,131.17799377441406,0.2222222238779068,0.8999999761581421,2.0,2.0,0.0,1.0,9,10,2,0,0,0,0,1.0
213,[C-]#[N+]c1ccc(C)c(C)c1,0.0,1.0,0.0,0.0,131.17799377441406,0.2222222238779068,0.8999999761581421,2.0,3.0,0.0,1.0,9,10,2,0,0,0,0,1.0
214,[C-]#[N+]c1ccc(F)c(F)c1,0.0,1.0,0.0,0.0,139.10400390625,0.0,0.699999988079071,2.0,3.0,0.0,1.0,7,10,0,0,0,0,0,1.0
215,[C-]#[N+]c1ccc(C)cc1C,0.0,1.0,0.0,0.0,131.17799377441406,0.2222222238779068,0.8999999761581421,2.0,3.0,0.0,1.0,9,10,2,0,0,0,0,1.0
216,[C-]#[N+]c1ccc(OC)cc1C,0.0,1.0,0.0,0.0,147.177001953125,0.2222222238779068,0.8181818127632141,2.0,3.0,0.0,1.0,9,11,2,0,0,0,0,1.0
217,[C-]#[N+]c1cccc(F)c1C,0.0,1.0,0.0,0.0,135.14100646972656,0.125,0.800000011920929,2.0,3.0,0.0,1.0,8,10,1,0,0,0,0,1.0
218,[C-]#[N+]c1ccc(F)cc1C,0.0,1.0,0.0,0.0,135.14100646972656,0.125,0.800000011920929,2.0,3.0,0.0,1.0,8,10,1,0,0,0,0,1.0
219,[C-]#[N+]c1cc(C)ccc1F,0.0,1.0,0.0,0.0,135.14100646972656,0.125,0.800000011920929,2.0,3.0,0.0,1.0,8,10,1,0,0,0,0,1.0
220,[C-]#[N+]C(C)P(=O)(OCC)OCC,0.0,0.0,0.0,0.0,191.16700744628903,0.8571428656578064,0.5833333134651184,7.0,3.0,0.0,1.0,7,12,6,0,0,0,0,3.0
221,[C-]#[N+]c1cc(F)c(F)cc1F,0.0,1.0,0.0,0.0,157.093994140625,0.0,0.6363636255264282,2.0,4.0,0.0,1.0,7,11,0,0,0,0,0,1.0
222,[C-]#[N+]c1c(F)cccc1F,0.0,1.0,0.0,0.0,139.10400390625,0.0,0.699999988079071,2.0,3.0,0.0,1.0,7,10,0,0,0,0,0,1.0
223,[C-]#[N+]c1ccc(SC)cc1,0.0,1.0,0.0,0.0,149.21800231933594,0.125,0.800000011920929,2.0,2.0,0.0,1.0,8,10,1,0,0,0,0,1.0
224,[C-]#[N+]c1cc(C)ccc1C,0.0,1.0,0.0,0.0,131.17799377441406,0.2222222238779068,0.8999999761581421,2.0,3.0,0.0,1.0,9,10,2,0,0,0,0,1.0
225,[C-]#[N+]c1cccc(CC)c1,0.0,1.0,0.0,0.0,131.17799377441406,0.2222222238779068,0.8999999761581421,2.0,2.0,0.0,1.0,9,10,2,0,0,0,0,1.0
226,[C-]#[N+]c1cccc(C)c1C,0.0,1.0,0.0,0.0,131.17799377441406,0.2222222238779068,0.8999999761581421,2.0,3.0,0.0,1.0,9,10,2,0,0,0,0,1.0
227,[C-]#[N+]c1ccccc1C,0.0,1.0,0.0,0.0,117.1510009765625,0.125,0.8888888955116272,2.0,2.0,0.0,1.0,8,9,1,0,0,0,0,1.0
228,[C-]#[N+]c1ccccc1OCC,0.0,1.0,0.0,0.0,147.177001953125,0.2222222238779068,0.8181818127632141,3.0,2.0,0.0,1.0,9,11,2,0,0,0,0,1.0
229,[C-]#[N+]c1cc(C)ccc1OC,0.0,1.0,0.0,0.0,147.177001953125,0.2222222238779068,0.8181818127632141,2.0,3.0,0.0,1.0,9,11,2,0,0,0,0,1.0
230,[C-]#[N+]Cc1c(C)cccc1C,0.0,1.0,0.0,0.0,145.2050018310547,0.3000000119209289,0.9090909361839294,3.0,3.0,0.0,1.0,10,11,3,0,0,0,0,1.0
231,[C-]#[N+]c1cccc(C)c1,0.0,1.0,0.0,0.0,117.1510009765625,0.125,0.8888888955116272,2.0,2.0,0.0,1.0,8,9,1,0,0,0,0,1.0
232,[C-]#[N+]c1cccc(SC)c1,0.0,1.0,0.0,0.0,149.21800231933594,0.125,0.800000011920929,2.0,2.0,0.0,1.0,8,10,1,0,0,0,0,1.0
233,[C-]#[N+]CSc1ccccc1,0.0,1.0,0.0,0.0,149.21800231933594,0.125,0.800000011920929,4.0,1.0,0.0,1.0,8,10,1,0,0,0,0,1.0
234,[C-]#[N+]CCO[Si](C)(C)C(C)(C)C,0.0,0.0,0.0,0.0,185.3430023193359,0.8888888955116272,0.75,8.0,4.0,0.0,1.0,9,12,8,0,0,0,0,4.0
235,[C-]#[N+]C(C)c1ccccc1,0.0,1.0,0.0,0.0,131.17799377441406,0.2222222238779068,0.8999999761581421,4.0,1.0,0.0,1.0,9,10,2,0,0,0,0,1.0
236,[C-]#[N+]Cc1ccc(OCC)cc1,0.0,1.0,0.0,0.0,161.20399475097656,0.3000000119209289,0.8333333134651184,3.0,2.0,0.0,1.0,10,12,3,0,0,0,0,1.0
237,[C-]#[N+]C1CCCCCC1,1.0,0.0,0.0,0.0,123.1989974975586,0.875,0.8888888955116272,2.0,1.0,0.0,1.0,8,9,7,0,0,0,0,1.0
238,[C-]#[N+]C12CC3CC(CC(C3)C1)C2,4.0,0.0,0.0,0.0,161.2480010986328,0.9090909361839294,0.9166666865348816,2.0,1.0,0.0,1.0,11,12,10,0,0,0,0,1.0
239,[C-]#[N+]C1CCc2ccccc21,1.0,1.0,0.0,0.0,143.18899536132812,0.3000000119209289,0.9090909361839294,2.0,1.0,0.0,1.0,10,11,3,0,0,0,0,1.0
240,[C-]#[N+]CCC1=CCCCC1,1.0,0.0,0.0,0.0,135.2100067138672,0.6666666865348816,0.8999999761581421,4.0,1.0,0.0,1.0,9,10,6,1,0,1,0,1.0
241,[C-]#[N+]C1CCCc2ccccc21,1.0,1.0,0.0,0.0,157.21600341796875,0.3636363744735718,0.9166666865348816,2.0,1.0,0.0,1.0,11,12,4,0,0,0,0,1.0
242,[C-]#[N+]C(C)CCc1ccccc1,0.0,1.0,0.0,0.0,159.23199462890625,0.3636363744735718,0.9166666865348816,5.0,2.0,0.0,1.0,11,12,4,0,0,0,0,2.0
243,[C-]#[N+]CCCc1ccccc1,0.0,1.0,0.0,0.0,145.2050018310547,0.3000000119209289,0.9090909361839294,5.0,1.0,0.0,1.0,10,11,3,0,0,0,0,1.0
244,[C-]#[N+]C(C)(C)c1ccccc1,0.0,1.0,0.0,0.0,145.2050018310547,0.3000000119209289,0.9090909361839294,4.0,2.0,0.0,1.0,10,11,3,0,0,0,0,2.0
245,[C-]#[N+]C(C)c1ccc(F)cc1,0.0,1.0,0.0,0.0,149.16799926757812,0.2222222238779068,0.8181818127632141,4.0,2.0,0.0,1.0,9,11,2,0,0,0,0,1.0
246,[C-]#[N+]CC1CCC2CC1C2(C)C,3.0,0.0,0.0,0.0,163.26400756835938,0.9090909361839294,0.9166666865348816,3.0,3.0,0.0,1.0,11,12,10,0,0,0,0,1.0
247,[C-]#[N+]Cc1cc(C)ccc1C,0.0,1.0,0.0,0.0,145.2050018310547,0.3000000119209289,0.9090909361839294,3.0,3.0,0.0,1.0,10,11,3,0,0,0,0,1.0
248,[C-]#[N+]Cc1cc(C)cc(C)c1,0.0,1.0,0.0,0.0,145.2050018310547,0.3000000119209289,0.9090909361839294,3.0,3.0,0.0,1.0,10,11,3,0,0,0,0,1.0
249,[C-]#[N+]CCCCc1ccccc1,0.0,1.0,0.0,0.0,159.23199462890625,0.3636363744735718,0.9166666865348816,6.0,1.0,0.0,1.0,11,12,4,0,0,0,0,1.0
250,[C-]#[N+]c1ccc(F)cc1C(F)(F)F,0.0,1.0,0.0,0.0,189.11099243164065,0.125,0.6153846383094788,3.0,4.0,0.0,1.0,8,13,1,0,0,0,0,1.0
251,[C-]#[N+]c1c(C)cccc1CC,0.0,1.0,0.0,0.0,145.2050018310547,0.3000000119209289,0.9090909361839294,2.0,3.0,0.0,1.0,10,11,3,0,0,0,0,1.0
252,[C-]#[N+]c1ccc(OC(F)(F)F)cc1,0.0,1.0,0.0,0.0,187.1199951171875,0.125,0.6153846383094788,3.0,4.0,0.0,1.0,8,13,1,0,0,0,0,1.0
253,[C-]#[N+]c1cccc(OC(F)(F)F)c1,0.0,1.0,0.0,0.0,187.1199951171875,0.125,0.6153846383094788,3.0,4.0,0.0,1.0,8,13,1,0,0,0,0,1.0
254,[C-]#[N+]c1ccc(CCC)cc1,0.0,1.0,0.0,0.0,145.2050018310547,0.3000000119209289,0.9090909361839294,3.0,2.0,0.0,1.0,10,11,3,0,0,0,0,1.0
255,[C-]#[N+]c1ccc(C(C)C)cc1,0.0,1.0,0.0,0.0,145.2050018310547,0.3000000119209289,0.9090909361839294,3.0,2.0,0.0,1.0,10,11,3,0,0,0,0,1.0
256,[C-]#[N+]c1c(C)cc(C)cc1C,0.0,1.0,0.0,0.0,145.2050018310547,0.3000000119209289,0.9090909361839294,2.0,4.0,0.0,1.0,10,11,3,0,0,0,0,1.0
257,[C-]#[N+]c1cccc(C(F)(F)F)c1,0.0,1.0,0.0,0.0,171.12100219726562,0.125,0.6666666865348816,3.0,3.0,0.0,1.0,8,12,1,0,0,0,0,1.0
258,[C-]#[N+]c1ccc(F)c(C(F)(F)F)c1,0.0,1.0,0.0,0.0,189.11099243164065,0.125,0.6153846383094788,3.0,4.0,0.0,1.0,8,13,1,0,0,0,0,1.0
259,[C-]#[N+]c1ccccc1OC(F)(F)F,0.0,1.0,0.0,0.0,187.1199951171875,0.125,0.6153846383094788,3.0,4.0,0.0,1.0,8,13,1,0,0,0,0,1.0
260,[C-]#[N+]c1ccccc1C(F)(F)F,0.0,1.0,0.0,0.0,171.12100219726562,0.125,0.6666666865348816,3.0,3.0,0.0,1.0,8,12,1,0,0,0,0,1.0
261,[C-]#[N+]c1ccc(OCCCC)cc1,0.0,1.0,0.0,0.0,175.2310028076172,0.3636363744735718,0.8461538553237915,5.0,2.0,0.0,1.0,11,13,4,0,0,0,0,1.0
262,[C-]#[N+]c1ccc(N(CC)CC)cc1,0.0,1.0,0.0,0.0,174.2469940185547,0.3636363744735718,0.8461538553237915,5.0,2.0,1.0,2.0,11,13,4,0,0,0,1,1.0
263,[C-]#[N+]c1cc(C(F)(F)F)ccc1F,0.0,1.0,0.0,0.0,189.11099243164065,0.125,0.6153846383094788,3.0,4.0,0.0,1.0,8,13,1,0,0,0,0,1.0
264,[C-]#[N+]c1c(CC)cccc1CC,0.0,1.0,0.0,0.0,159.23199462890625,0.3636363744735718,0.9166666865348816,2.0,3.0,0.0,1.0,11,12,4,0,0,0,0,1.0
265,[C-]#[N+]c1ccc(C(F)(F)F)cc1,0.0,1.0,0.0,0.0,171.12100219726562,0.125,0.6666666865348816,3.0,3.0,0.0,1.0,8,12,1,0,0,0,0,1.0
266,[C-]#[N+]c1ccccc1C(C)C,0.0,1.0,0.0,0.0,145.2050018310547,0.3000000119209289,0.9090909361839294,3.0,2.0,0.0,1.0,10,11,3,0,0,0,0,1.0
267,[C-]#[N+]CCCCCCCC,0.0,0.0,0.0,0.0,139.24200439453125,0.8888888955116272,0.8999999761581421,10.0,0.0,0.0,1.0,9,10,8,0,0,0,0,0.0
268,[C-]#[N+]C(C)(C)CC(C)(C)C,0.0,0.0,0.0,0.0,139.24200439453125,0.8888888955116272,0.8999999761581421,6.0,4.0,0.0,1.0,9,10,8,0,0,0,0,4.0
269,[C-]#[N+]CCC1CCCc2ccccc21,1.0,1.0,0.0,0.0,185.27000427246097,0.4615384638309479,0.9285714030265808,4.0,1.0,0.0,1.0,13,14,6,0,0,0,0,1.0
270,[C-]#[N+]Cc1ccccc1C(F)(F)F,0.0,1.0,0.0,0.0,185.1479949951172,0.2222222238779068,0.692307710647583,3.0,3.0,0.0,1.0,9,13,2,0,0,0,0,1.0
271,[C-]#[N+]C1CC2CCC1(C)C2(C)C,2.0,0.0,0.0,0.0,163.26400756835938,0.9090909361839294,0.9166666865348816,2.0,4.0,0.0,1.0,11,12,10,0,0,0,0,1.0
272,[C-]#[N+]Cc1cccc(C(F)(F)F)c1,0.0,1.0,0.0,0.0,185.1479949951172,0.2222222238779068,0.692307710647583,3.0,3.0,0.0,1.0,9,13,2,0,0,0,0,1.0
273,[C-]#[N+]Cc1ccc(C(F)(F)F)cc1,0.0,1.0,0.0,0.0,185.1479949951172,0.2222222238779068,0.692307710647583,3.0,3.0,0.0,1.0,9,13,2,0,0,0,0,1.0
274,[C-]#[N+]Cc1ccc(C(C)(C)C)cc1,0.0,1.0,0.0,0.0,173.25900268554688,0.4166666567325592,0.9230769276618958,3.0,3.0,0.0,1.0,12,13,5,0,0,0,0,1.0
275,[C-]#[N+]C(C)c1ccc(C)s1,0.0,1.0,0.0,0.0,151.23399353027344,0.375,0.800000011920929,4.0,2.0,0.0,1.0,8,10,3,0,0,0,0,1.0
276,[C-]#[N+]c1ccccc1C(C)(C)C,0.0,1.0,0.0,0.0,159.23199462890625,0.3636363744735718,0.9166666865348816,3.0,3.0,0.0,1.0,11,12,4,0,0,0,0,1.0
277,[C-]#[N+]c1ccc(C(C)(C)C)cc1,0.0,1.0,0.0,0.0,159.23199462890625,0.3636363744735718,0.9166666865348816,3.0,3.0,0.0,1.0,11,12,4,0,0,0,0,1.0
278,[C-]#[N+]c1c(C)cccc1C(C)C,0.0,1.0,0.0,0.0,159.23199462890625,0.3636363744735718,0.9166666865348816,3.0,3.0,0.0,1.0,11,12,4,0,0,0,0,1.0
279,[C-]#[N+]c1ccccc1C(C)CC,0.0,1.0,0.0,0.0,159.23199462890625,0.3636363744735718,0.9166666865348816,4.0,2.0,0.0,1.0,11,12,4,0,0,0,0,1.0
280,[C-]#[N+]C1=CCC(c2ccccc2)CC1,1.0,1.0,0.0,0.0,183.2539978027344,0.3076923191547394,0.9285714030265808,2.0,1.0,0.0,1.0,13,14,4,1,0,1,0,1.0
281,[C-]#[N+]C12CC3CC(C)(CC(C)(C3)C1)C2,4.0,0.0,0.0,0.0,189.302001953125,0.9230769276618958,0.9285714030265808,2.0,3.0,0.0,1.0,13,14,12,0,0,0,0,1.0
282,[C-]#[N+]CC(=O)N1CCN(CCOC)CC1,1.0,0.0,0.0,1.0,211.26499938964844,0.800000011920929,0.6666666865348816,5.0,2.0,1.0,3.0,10,15,8,0,0,0,1,1.0
283,[C-]#[N+]CC(=O)N1CCN(CCN(C)C)CC1,1.0,0.0,0.0,1.0,224.30799865722656,0.8181818127632141,0.6875,5.0,3.0,2.0,4.0,11,16,9,0,0,0,2,1.0
284,[C-]#[N+]CC(=O)N1CCN(c2ccncc2)CC1,1.0,1.0,0.0,1.0,230.27099609375,0.4166666567325592,0.7058823704719543,5.0,1.0,2.0,4.0,12,17,5,0,0,0,1,1.0
285,[C-]#[N+]CC(=O)N1CCN(c2ccccn2)CC1,1.0,1.0,0.0,1.0,230.27099609375,0.4166666567325592,0.7058823704719543,5.0,1.0,2.0,4.0,12,17,5,0,0,0,1,1.0
286,[C-]#[N+]CC(=O)N1CCC(N2CCCC2)CC1,2.0,0.0,0.0,1.0,221.3040008544922,0.8333333134651184,0.75,5.0,1.0,1.0,3.0,12,16,10,0,0,0,1,1.0
287,[C-]#[N+]c1cc(C(=O)OC)ccc1C(=O)OC,0.0,1.0,2.0,0.0,219.1959991455078,0.1818181872367859,0.6875,4.0,3.0,0.0,1.0,11,16,2,0,0,0,0,1.0
288,[C-]#[N+]CCN1CCN(c2ccccn2)CC1,1.0,1.0,0.0,0.0,216.2879943847656,0.5,0.75,4.0,1.0,3.0,4.0,12,16,6,0,0,0,2,1.0
289,[C-]#[N+]C1(C(=O)OC)Cc2ccc(OC)cc2C1,1.0,1.0,1.0,0.0,231.25100708007812,0.3846153914928436,0.7647058963775635,4.0,3.0,0.0,1.0,13,17,5,0,0,0,0,1.0
290,[C-]#[N+]CC(=O)N1CCN(C2CCCCC2)CC1,2.0,0.0,0.0,1.0,235.33099365234375,0.8461538553237915,0.7647058963775635,5.0,1.0,1.0,3.0,13,17,11,0,0,0,1,1.0
291,[C-]#[N+]C(Cc1ccc(F)cc1)C(=O)OC,0.0,1.0,1.0,0.0,207.20399475097656,0.2727272808551788,0.7333333492279053,6.0,4.0,0.0,1.0,11,15,3,0,0,0,0,3.0
292,[C-]#[N+]C(Cc1ccccc1)C(=O)N1CCOCC1,1.0,1.0,0.0,1.0,244.29400634765625,0.4285714328289032,0.7777777910232544,5.0,3.0,0.0,2.0,14,18,6,0,0,0,0,3.0
293,[C-]#[N+]CCN1CCN(C(=O)c2ccccc2)CC1,1.0,1.0,0.0,1.0,243.30999755859375,0.4285714328289032,0.7777777910232544,4.0,3.0,1.0,3.0,14,18,6,0,0,0,1,1.0
294,[C-]#[N+]CC1CCCN1C(=O)OC(C)(C)C,1.0,0.0,1.0,1.0,210.27699279785156,0.8181818127632141,0.7333333492279053,5.0,4.0,0.0,2.0,11,15,9,0,0,0,0,1.0
295,[C-]#[N+]C(C)S(=O)(=O)c1ccc(C)cc1,0.0,1.0,0.0,0.0,209.27000427246097,0.3000000119209289,0.7142857313156128,5.0,4.0,0.0,1.0,10,14,3,0,0,0,0,3.0
296,[C-]#[N+]C(CC)S(=O)(=O)c1ccc(C)cc1,0.0,1.0,0.0,0.0,223.2969970703125,0.3636363744735718,0.7333333492279053,5.0,4.0,0.0,1.0,11,15,4,0,0,0,0,3.0
297,[C-]#[N+]C1CCCN(C(=O)OC(C)(C)C)C1,1.0,0.0,1.0,1.0,210.27699279785156,0.8181818127632141,0.7333333492279053,5.0,4.0,0.0,2.0,11,15,9,0,0,0,0,1.0
298,[C-]#[N+]C1(S(=O)(=O)c2ccc(C)cc2)CC1,1.0,1.0,0.0,0.0,221.281005859375,0.3636363744735718,0.7333333492279053,3.0,4.0,0.0,1.0,11,15,4,0,0,0,0,1.0
299,[C-]#[N+]Cc1cc(OC)c(OC)c(OC)c1,0.0,1.0,0.0,0.0,207.22900390625,0.3636363744735718,0.7333333492279053,3.0,4.0,0.0,1.0,11,15,4,0,0,0,0,1.0
300,[C-]#[N+]C(Cc1ccccc1)C(=O)N1CCCC1,1.0,1.0,0.0,1.0,228.2949981689453,0.4285714328289032,0.8235294222831726,5.0,3.0,0.0,2.0,14,17,6,0,0,0,0,3.0
301,[C-]#[N+]Cc1c(OC)cc(OC)cc1OC,0.0,1.0,0.0,0.0,207.22900390625,0.3636363744735718,0.7333333492279053,3.0,4.0,0.0,1.0,11,15,4,0,0,0,0,1.0
302,[C-]#[N+]C(CSCc1ccccc1)C(=O)OC,0.0,1.0,1.0,0.0,235.30799865722656,0.3333333432674408,0.75,7.0,3.0,0.0,1.0,12,16,4,0,0,0,0,3.0
303,[C-]#[N+]C(C1CC1)S(=O)(=O)c1ccc(C)cc1,1.0,1.0,0.0,0.0,235.30799865722656,0.4166666567325592,0.75,5.0,4.0,0.0,1.0,12,16,5,0,0,0,0,3.0
304,[C-]#[N+]CCCOS(=O)(=O)c1ccc(C)cc1,0.0,1.0,0.0,0.0,239.29600524902344,0.3636363744735718,0.6875,8.0,3.0,0.0,1.0,11,16,4,0,0,0,0,2.0
305,[C-]#[N+]CC(=O)OCc1ccc(OCC)cc1,0.0,1.0,1.0,0.0,219.2400054931641,0.3333333432674408,0.75,6.0,3.0,0.0,1.0,12,16,4,0,0,0,0,2.0
306,[C-]#[N+]C1CCN(C(=O)OC(C)(C)C)CC1,1.0,0.0,1.0,1.0,210.27699279785156,0.8181818127632141,0.7333333492279053,5.0,4.0,0.0,2.0,11,15,9,0,0,0,0,1.0
307,[C-]#[N+]CCC[Si](OCC)(OCC)OCC,0.0,0.0,0.0,0.0,231.3679962158203,0.8999999761581421,0.6666666865348816,9.0,2.0,0.0,1.0,10,15,9,0,0,0,0,2.0
308,[C-]#[N+]C(Cc1ccccc1)C(=O)OC(C)(C)C,0.0,1.0,1.0,0.0,231.2949981689453,0.4285714328289032,0.8235294222831726,7.0,5.0,0.0,1.0,14,17,6,0,0,0,0,5.0
309,[C-]#[N+]C(C(C)C)S(=O)(=O)c1ccc(C)cc1,0.0,1.0,0.0,0.0,237.32400512695312,0.4166666567325592,0.75,5.0,5.0,0.0,1.0,12,16,5,0,0,0,0,4.0
310,[C-]#[N+]C1CCN(C(=O)OCc2ccccc2)CC1,1.0,1.0,1.0,1.0,244.29400634765625,0.4285714328289032,0.7777777910232544,4.0,3.0,0.0,2.0,14,18,6,0,0,0,0,1.0
311,[C-]#[N+]C1CCN(Cc2ccccc2)CC1,1.0,1.0,0.0,0.0,200.28500366210935,0.4615384638309479,0.8666666746139526,2.0,3.0,1.0,2.0,13,15,6,0,0,0,1,1.0
312,[C-]#[N+]C(Cc1ccccc1)C(=O)N1CCCCC1,1.0,1.0,0.0,1.0,242.3220062255859,0.4666666686534881,0.8333333134651184,5.0,3.0,0.0,2.0,15,18,7,0,0,0,0,3.0
313,[C-]#[N+]CCN1CCC(Cc2ccccc2)CC1,1.0,1.0,0.0,0.0,228.33900451660156,0.5333333611488342,0.8823529481887817,4.0,3.0,1.0,2.0,15,17,8,0,0,0,1,1.0
314,[C-]#[N+]C(C1CCC1)S(=O)(=O)c1ccc(C)cc1,1.0,1.0,0.0,0.0,249.3350067138672,0.4615384638309479,0.7647058963775635,5.0,4.0,0.0,1.0,13,17,6,0,0,0,0,3.0
315,[C-]#[N+]C(CCC)S(=O)(=O)c1ccc(C)cc1,0.0,1.0,0.0,0.0,237.32400512695312,0.4166666567325592,0.75,6.0,4.0,0.0,1.0,12,16,5,0,0,0,0,3.0
316,[C-]#[N+]CC1(F)CCN(C(=O)OC(C)(C)C)CC1,1.0,0.0,1.0,1.0,242.29400634765625,0.8333333134651184,0.7058823704719543,5.0,5.0,0.0,2.0,12,17,10,0,0,0,0,1.0
317,[C-]#[N+]C1CCCCC1NC(=O)OC(C)(C)C,1.0,0.0,1.0,1.0,224.3040008544922,0.8333333134651184,0.75,5.0,5.0,0.0,2.0,12,16,10,0,0,0,0,1.0
318,[C-]#[N+]CCc1ccc(OCC)c(OCC)c1,0.0,1.0,0.0,0.0,219.28399658203125,0.4615384638309479,0.8125,4.0,3.0,0.0,1.0,13,16,6,0,0,0,0,1.0
319,[C-]#[N+]C1CCC(NC(=O)OC(C)(C)C)CC1,1.0,0.0,1.0,1.0,224.3040008544922,0.8333333134651184,0.75,5.0,5.0,0.0,2.0,12,16,10,0,0,0,0,1.0
320,[C-]#[N+]CCCN1CCCc2ccccc21,1.0,1.0,0.0,0.0,200.28500366210935,0.4615384638309479,0.8666666746139526,5.0,1.0,1.0,2.0,13,15,6,0,0,0,1,1.0
321,[C-]#[N+]c1ccc(CNC(=O)OC(C)(C)C)cc1,0.0,1.0,1.0,1.0,232.2830047607422,0.3846153914928436,0.7647058963775635,6.0,5.0,0.0,2.0,13,17,5,0,0,0,0,1.0
322,[C-]#[N+]Cc1ccc(OC(F)(F)F)cc1,0.0,1.0,0.0,0.0,201.14700317382812,0.2222222238779068,0.6428571343421936,3.0,4.0,0.0,1.0,9,14,2,0,0,0,0,1.0
323,[C-]#[N+]c1cccc(NC(=O)OC(C)(C)C)c1,0.0,1.0,1.0,1.0,218.25599670410156,0.3333333432674408,0.75,5.0,5.0,0.0,2.0,12,16,4,0,0,0,0,1.0
324,[C-]#[N+]c1ccc(NC(=O)OC(C)(C)C)cc1,0.0,1.0,1.0,1.0,218.25599670410156,0.3333333432674408,0.75,5.0,5.0,0.0,2.0,12,16,4,0,0,0,0,1.0
325,[C-]#[N+]c1ccccc1NC(=O)OC(C)(C)C,0.0,1.0,1.0,1.0,218.25599670410156,0.3333333432674408,0.75,5.0,5.0,0.0,2.0,12,16,4,0,0,0,0,1.0
326,[C-]#[N+]C(C)(C)CO[Si](C)(C)C(C)(C)C,0.0,0.0,0.0,0.0,213.39700317382812,0.9090909361839294,0.7857142686843872,8.0,6.0,0.0,1.0,11,14,10,0,0,0,0,6.0
327,[C-]#[N+]C1CC(C(=O)OC)N(C(=O)OC(C)(C)C)C1,1.0,0.0,2.0,1.0,254.28599548339844,0.75,0.6666666865348816,5.0,5.0,0.0,2.0,12,18,9,0,0,0,0,1.0
328,[C-]#[N+]C(C(=O)OCC)S(=O)(=O)c1ccc(C)cc1,0.0,1.0,1.0,0.0,267.3059997558594,0.3333333432674408,0.6666666865348816,7.0,5.0,0.0,1.0,12,18,4,0,0,0,0,4.0
329,[C-]#[N+]C1CCN(C(=O)OC(C)(C)C)CC1C(=O)OCC,1.0,0.0,2.0,1.0,282.3399963378906,0.7857142686843872,0.699999988079071,5.0,5.0,0.0,2.0,14,20,11,0,0,0,0,1.0
330,[C-]#[N+]C(CC(=O)OC(C)(C)C)C(=O)OC(C)(C)C,0.0,0.0,2.0,0.0,255.31399536132812,0.7692307829856873,0.7222222089767456,10.0,7.0,0.0,1.0,13,18,10,0,0,0,0,7.0
331,[C-]#[N+]C(C1CCCC1)S(=O)(=O)c1ccc(C)cc1,1.0,1.0,0.0,0.0,263.36199951171875,0.5,0.7777777910232544,5.0,4.0,0.0,1.0,14,18,7,0,0,0,0,3.0
332,[C-]#[N+]C(CC(C)C)S(=O)(=O)c1ccc(C)cc1,0.0,1.0,0.0,0.0,251.3509979248047,0.4615384638309479,0.7647058963775635,6.0,5.0,0.0,1.0,13,17,6,0,0,0,0,4.0
333,[C-]#[N+]C(CC(=O)OC)c1ccc(C(F)(F)F)cc1,0.0,1.0,1.0,0.0,257.21099853515625,0.3333333432674408,0.6666666865348816,7.0,4.0,0.0,1.0,12,18,4,0,0,0,0,2.0
334,[C-]#[N+]C(CCCC)S(=O)(=O)c1ccc(C)cc1,0.0,1.0,0.0,0.0,251.3509979248047,0.4615384638309479,0.7647058963775635,7.0,4.0,0.0,1.0,13,17,6,0,0,0,0,3.0
335,[C-]#[N+]C(C1CCCCC1)S(=O)(=O)c1ccc(C)cc1,1.0,1.0,0.0,0.0,277.3890075683594,0.5333333611488342,0.7894737124443054,5.0,4.0,0.0,1.0,15,19,8,0,0,0,0,3.0
336,[C-]#[N+]C(CCCCC)S(=O)(=O)c1ccc(C)cc1,0.0,1.0,0.0,0.0,265.37799072265625,0.5,0.7777777910232544,8.0,4.0,0.0,1.0,14,18,7,0,0,0,0,3.0
337,[C-]#[N+]C(c1ccccc1)P(=O)(OCC)OCC,0.0,1.0,0.0,0.0,253.23800659179688,0.4166666567325592,0.7058823704719543,7.0,3.0,0.0,1.0,12,17,5,0,0,0,0,3.0
338,[C-]#[N+]Cc1cc(C(F)(F)F)cc(C(F)(F)F)c1,0.0,1.0,0.0,0.0,253.14500427246097,0.3000000119209289,0.5882353186607361,3.0,5.0,0.0,1.0,10,17,3,0,0,0,0,1.0
339,[C-]#[N+]C(CC(=O)OC(C)(C)C)S(=O)(=O)c1ccc(C)cc1,0.0,1.0,1.0,0.0,309.3869934082031,0.4666666686534881,0.7142857313156128,8.0,7.0,0.0,1.0,15,21,7,0,0,0,0,6.0
340,[C-]#[N+]CCC(=O)OC,0.0,0.0,1.0,0.0,113.11599731445312,0.6000000238418579,0.625,7.0,1.0,0.0,1.0,5,8,3,0,0,0,0,1.0
341,[C-]#[N+]CCc1ccccc1C,0.0,1.0,0.0,0.0,145.2050018310547,0.3000000119209289,0.9090909361839294,4.0,2.0,0.0,1.0,10,11,3,0,0,0,0,1.0
342,[C-]#[N+]C,0.0,0.0,0.0,0.0,41.053001403808594,0.5,0.6666666865348816,3.0,0.0,0.0,1.0,2,3,1,0,0,0,0,0.0
343,[C-]#[N+]CCC(=O)OC(C)(C)C,0.0,0.0,1.0,0.0,155.19700622558594,0.75,0.7272727489471436,8.0,3.0,0.0,1.0,8,11,6,0,0,0,0,3.0
344,[C-]#[N+]c1ccc(N(C)C)cc1,0.0,1.0,0.0,0.0,146.1929931640625,0.2222222238779068,0.8181818127632141,3.0,2.0,1.0,2.0,9,11,2,0,0,0,1,1.0
345,[C-]#[N+]Cc1cccc(OC)c1OC,0.0,1.0,0.0,0.0,177.2030029296875,0.3000000119209289,0.7692307829856873,3.0,3.0,0.0,1.0,10,13,3,0,0,0,0,1.0
346,[C-]#[N+]CCOC(C)(C)C,0.0,0.0,0.0,0.0,127.18699645996094,0.8571428656578064,0.7777777910232544,7.0,2.0,0.0,1.0,7,9,6,0,0,0,0,2.0
347,[C-]#[N+]CCOC(C)C,0.0,0.0,0.0,0.0,113.16000366210938,0.8333333134651184,0.75,7.0,1.0,0.0,1.0,6,8,5,0,0,0,0,1.0
348,[C-]#[N+]C(C)(C)C(=O)OC,0.0,0.0,1.0,0.0,127.14299774169922,0.6666666865348816,0.6666666865348816,6.0,3.0,0.0,1.0,6,9,4,0,0,0,0,3.0
349,[C-]#[N+]Cc1cccc(C)c1C,0.0,1.0,0.0,0.0,145.2050018310547,0.3000000119209289,0.9090909361839294,3.0,3.0,0.0,1.0,10,11,3,0,0,0,0,1.0
350,[C-]#[N+]CC(F)(F)F,0.0,0.0,0.0,0.0,109.0500030517578,0.6666666865348816,0.4285714328289032,5.0,2.0,0.0,1.0,3,7,2,0,0,0,0,2.0
351,[C-]#[N+]Cc1ccnn1C,0.0,1.0,0.0,0.0,121.14299774169922,0.3333333432674408,0.6666666865348816,3.0,2.0,2.0,3.0,6,9,2,0,0,0,0,1.0
352,[C-]#[N+]CCc1ccc(C)cc1,0.0,1.0,0.0,0.0,145.2050018310547,0.3000000119209289,0.9090909361839294,4.0,2.0,0.0,1.0,10,11,3,0,0,0,0,1.0
353,[C-]#[N+]CCc1ccc2c(c1)OCO2,1.0,1.0,0.0,0.0,175.18699645996094,0.3000000119209289,0.7692307829856873,4.0,1.0,0.0,1.0,10,13,3,0,0,0,0,1.0
354,[C-]#[N+]CC(N)=O,0.0,0.0,0.0,1.0,84.0780029296875,0.3333333432674408,0.5,5.0,1.0,0.0,2.0,3,6,1,0,0,0,0,1.0
355,[C-]#[N+]C1CCN(C)CC1,1.0,0.0,0.0,0.0,124.18699645996094,0.8571428656578064,0.7777777910232544,2.0,2.0,1.0,2.0,7,9,6,0,0,0,1,1.0
356,[C-]#[N+]CC1CCN(C(=O)OC(C)(C)C)CC1,1.0,0.0,1.0,1.0,224.3040008544922,0.8333333134651184,0.75,5.0,4.0,0.0,2.0,12,16,10,0,0,0,0,1.0
357,[C-]#[N+]C1(C)CCCC1,1.0,0.0,0.0,0.0,109.1719970703125,0.8571428656578064,0.875,2.0,2.0,0.0,1.0,7,8,6,0,0,0,0,1.0
358,[C-]#[N+]CCC1CCC1,1.0,0.0,0.0,0.0,109.1719970703125,0.8571428656578064,0.875,4.0,1.0,0.0,1.0,7,8,6,0,0,0,0,1.0
359,[C-]#[N+]CCOc1ccccc1,0.0,1.0,0.0,0.0,147.177001953125,0.2222222238779068,0.8181818127632141,5.0,1.0,0.0,1.0,9,11,2,0,0,0,0,1.0
360,[C-]#[N+]c1ccc(C)nc1,0.0,1.0,0.0,0.0,118.13899993896484,0.1428571492433548,0.7777777910232544,2.0,2.0,1.0,2.0,7,9,1,0,0,0,0,1.0
361,[C-]#[N+]c1cncc(C)c1,0.0,1.0,0.0,0.0,118.13899993896484,0.1428571492433548,0.7777777910232544,2.0,2.0,1.0,2.0,7,9,1,0,0,0,0,1.0
362,[C-]#[N+]CCc1cccc(OC)c1OC,0.0,1.0,0.0,0.0,191.22999572753903,0.3636363744735718,0.7857142686843872,4.0,3.0,0.0,1.0,11,14,4,0,0,0,0,1.0
363,[C-]#[N+]CCCO,0.0,0.0,0.0,0.0,85.10600280761719,0.75,0.6666666865348816,6.0,0.0,0.0,1.0,4,6,3,0,0,0,0,0.0
364,[C-]#[N+]CCO,0.0,0.0,0.0,0.0,71.0790023803711,0.6666666865348816,0.6000000238418579,5.0,0.0,0.0,1.0,3,5,2,0,0,0,0,0.0
365,[C-]#[N+]c1cccc(C(C)C)c1,0.0,1.0,0.0,0.0,145.2050018310547,0.3000000119209289,0.9090909361839294,3.0,2.0,0.0,1.0,10,11,3,0,0,0,0,1.0
366,[C-]#[N+]c1cnn(C)c1,0.0,1.0,0.0,0.0,107.11599731445312,0.2000000029802322,0.625,2.0,2.0,2.0,3.0,5,8,1,0,0,0,0,1.0
367,[C-]#[N+]c1cccnc1OC,0.0,1.0,0.0,0.0,134.13800048828125,0.1428571492433548,0.699999988079071,2.0,2.0,1.0,2.0,7,10,1,0,0,0,0,1.0
368,[C-]#[N+]CCn1cncn1,0.0,1.0,0.0,0.0,122.13099670410156,0.4000000059604645,0.5555555820465088,4.0,1.0,3.0,4.0,5,9,2,0,0,0,0,1.0
369,[C-]#[N+]c1ccc(C#C)cc1,0.0,1.0,0.0,0.0,127.14600372314452,0.0,0.8999999761581421,2.0,2.0,0.0,1.0,9,10,0,0,1,1,0,1.0
370,[C-]#[N+]CCCN1CCCC1,1.0,0.0,0.0,0.0,138.21400451660156,0.875,0.800000011920929,5.0,1.0,1.0,2.0,8,10,7,0,0,0,1,1.0
371,[C-]#[N+]CCC1CCCN1C,1.0,0.0,0.0,0.0,138.21400451660156,0.875,0.800000011920929,4.0,2.0,1.0,2.0,8,10,7,0,0,0,1,1.0
372,[C-]#[N+]c1cc(C)ccn1,0.0,1.0,0.0,0.0,118.13899993896484,0.1428571492433548,0.7777777910232544,2.0,2.0,1.0,2.0,7,9,1,0,0,0,0,1.0
373,[C-]#[N+]c1cccc(C)n1,0.0,1.0,0.0,0.0,118.13899993896484,0.1428571492433548,0.7777777910232544,2.0,2.0,1.0,2.0,7,9,1,0,0,0,0,1.0
374,[C-]#[N+]C(C)(C)C(=O)OC(C)(C)C,0.0,0.0,1.0,0.0,169.2239990234375,0.7777777910232544,0.75,7.0,5.0,0.0,1.0,9,12,7,0,0,0,0,5.0
375,[C-]#[N+]CCCOCC,0.0,0.0,0.0,0.0,113.16000366210938,0.8333333134651184,0.75,8.0,0.0,0.0,1.0,6,8,5,0,0,0,0,0.0
376,[C-]#[N+]CCOS(=O)(=O)c1ccc(C)cc1,0.0,1.0,0.0,0.0,225.2689971923828,0.3000000119209289,0.6666666865348816,7.0,3.0,0.0,1.0,10,15,3,0,0,0,0,2.0
377,[C-]#[N+]CCN(CCC(=O)OCC)C(=O)OC(C)(C)C,0.0,0.0,2.0,1.0,270.3290100097656,0.7692307829856873,0.6842105388641357,11.0,5.0,0.0,2.0,13,19,10,0,0,0,0,5.0
378,[C-]#[N+]CSc1ccccc1OC,0.0,1.0,0.0,0.0,179.24400329589844,0.2222222238779068,0.75,4.0,2.0,0.0,1.0,9,12,2,0,0,0,0,1.0
379,[C-]#[N+]C(C)(C)P(=O)(OCC)OCC,0.0,0.0,0.0,0.0,205.19400024414065,0.875,0.6153846383094788,7.0,4.0,0.0,1.0,8,13,7,0,0,0,0,4.0
380,[C-]#[N+]C(C)(C)CO,0.0,0.0,0.0,0.0,99.13300323486328,0.800000011920929,0.7142857313156128,5.0,2.0,0.0,1.0,5,7,4,0,0,0,0,2.0
381,[C-]#[N+]CC(C)(OCC)OCC,0.0,0.0,0.0,0.0,157.21299743652344,0.875,0.7272727489471436,7.0,2.0,0.0,1.0,8,11,7,0,0,0,0,2.0
382,[C-]#[N+]CC(OC)(OC)C1CC1,1.0,0.0,0.0,0.0,155.19700622558594,0.875,0.7272727489471436,6.0,2.0,0.0,1.0,8,11,7,0,0,0,0,2.0
383,[C-]#[N+]CCCCO,0.0,0.0,0.0,0.0,99.13300323486328,0.800000011920929,0.7142857313156128,7.0,0.0,0.0,1.0,5,7,4,0,0,0,0,0.0
384,[C-]#[N+]CC(C)(C)CO,0.0,0.0,0.0,0.0,113.16000366210938,0.8333333134651184,0.75,6.0,2.0,0.0,1.0,6,8,5,0,0,0,0,2.0
385,[C-]#[N+]CCCCCO,0.0,0.0,0.0,0.0,113.16000366210938,0.8333333134651184,0.75,8.0,0.0,0.0,1.0,6,8,5,0,0,0,0,0.0
386,[C-]#[N+]CCOCCOCCNC(=O)OC(C)(C)C,0.0,0.0,1.0,1.0,258.3179931640625,0.8333333134651184,0.6666666865348816,15.0,3.0,0.0,2.0,12,18,10,0,0,0,0,3.0
387,[C-]#[N+]Cc1ccc(S(=O)(=O)F)cc1,0.0,1.0,0.0,0.0,199.20599365234375,0.125,0.6153846383094788,3.0,3.0,0.0,1.0,8,13,1,0,0,0,0,1.0
388,[C-]#[N+]C12CC(C1)C2,3.0,0.0,0.0,0.0,93.12899780273438,0.8333333134651184,0.8571428656578064,2.0,1.0,0.0,1.0,6,7,5,0,0,0,0,1.0
389,[C-]#[N+]C(C(=O)N(C)C(/C=C(\C)C(=O)OCC)C(C)C)C(C)(C)C,0.0,0.0,1.0,1.0,322.4490051269531,0.7222222089767456,0.782608687877655,12.0,9.0,0.0,2.0,18,23,13,1,0,1,0,9.0
390,[C-]#[N+]C1(C)CN(C(=O)OC(C)(C)C)C1,1.0,0.0,1.0,1.0,196.25,0.800000011920929,0.7142857313156128,5.0,5.0,0.0,2.0,10,14,8,0,0,0,0,1.0
